﻿<?xml version="1.0" encoding="utf-8"?>
<job-specification combinelanguages="no" comparewitholderversion="no">
  <parameter name="FMAPID">GUID-3DE38F17-C3BE-42F6-95A7-DE42B5A23369</parameter>
  <parameter name="FPUBINCLUDECOMMENTS"></parameter>
  <parameter name="FPUBINCLUDEMETADATA"></parameter>
  <parameter name="FPUBWATERMARK"></parameter>
  <parameter name="MODIFIED-ON">12/03/2021 03:01:47</parameter>
  <parameter name="FISHPUBREVIEWENDDATE"></parameter>
  <parameter name="FISHPUBLNGCOMBINATION">en</parameter>
  <parameter name="FISHOUTPUTFORMATREF">Catalyst Test</parameter>
  <parameter name="FISHPUBSTATUS">Pending</parameter>
  <parameter name="FISHPUBLISHER">asubhas</parameter>
  <parameter name="FNETAPPDRAFT"></parameter>
  <parameter name="FNETAPPSHOWDRAFTCOMMENTS"></parameter>
  <parameter name="FISHEMAIL">asubhas@netapp.com</parameter>
  <parameter name="outputformat">Catalyst Test</parameter>
  <parameter name="required-resolution">Low, High, Source</parameter>
  <parameter name="output-fileextension">zip</parameter>
  <parameter name="export-document-type">ISHPublication</parameter>
  <parameter name="export-document-level">lng</parameter>
  <parameter name="export-document">GUID-3DE38F17-C3BE-42F6-95A7-DE42B5A23369</parameter>
  <parameter name="event-identifier">PUBLISH IECMS05 20210312030147858 1194015548</parameter>
  <parameter name="event-name">PUBLISH</parameter>
  <parameter name="start-date">20210312030158</parameter>
  <parameter name="publisher">asubhas</parameter>
  <parameter name="email-address">asubhas@netapp.com</parameter>
  <parameter name="export-report">GUID-3DE38F17-C3BE-42F6-95A7-DE42B5A23369.report.xml</parameter>
  <parameter name="export-ishlngref">2549914</parameter>
  <parameter name="releasecandidate">no</parameter>
  <parameter name="autocomplete-versions-using-language">en</parameter>
  <parameter name="export-start-document">GUID-8FB4A90A-2E51-44DD-B3AC-87D601B79975</parameter>
  <parameter name="export-resources">GUID-6EF08472-FEE0-41FF-BD9E-052F15E07103, GUID-9DCC6910-2EDF-4584-BCCC-E30181A3893B, GUID-B01AC38A-19B3-4560-A16A-9EB688C59C9E, GUID-FBCA24DE-BE41-4D71-BF99-1E3805BF3DB0, GUID-D9AA3193-B2A8-4B13-BDB0-C9903F5CDA41, GUID-9967CC4D-5381-4A83-BE89-F5353BCEF6B0, GUID-995FC0C5-D9D5-4D65-8D52-AC9DEF059811</parameter>
  <parameter name="baseline-name">SnapCenter Software Data Protection Guide for SQL Server Databases-v22-GUID-3DE38F17-C3BE-42F6-95A7-DE42B5A23369-2021/02/24 03:18:33</parameter>
  <parameter name="export-path">C:\InfoShare\Data\Publish\Data\els511dneoe\work\22\en</parameter>
  <parameter name="resourcelanguage">en</parameter>
  <parameter name="language">en</parameter>
  <parameter name="hyperlink-separator">#</parameter>
  <parameter name="documenttitle">SnapCenter Software Data Protection Guide for SQL Server Databases</parameter>
</job-specification>